{
    "min_long": -119.0,
    "max_long": -116.0,
    "min_lat": 34.5,
    "max_lat": 37.0,
    "crs_geo": "EPSG:4326",
    "crs_proy": "EPSG:26711",
    "min_x": 316459.9297286207,
    "min_y": 3817400.650678637,
    "min_z": -3000.0,
    "nrx": 552,
    "nry": 560,
    "nrz": 87
}